{"cameraMode":{"drawMode":0,"name":"Shaded","section":"Shading Mode"},"sceneLighting":true,"audioPlay":false,"sceneViewState":{"m_AlwaysRefresh":false,"showFog":true,"showSkybox":true,"showFlares":true,"showImageEffects":true,"showParticleSystems":true,"showVisualEffectGraphs":true,"m_FxEnabled":true},"in2DMode":false,"pivot":{"x":-3.8446807861328127,"y":4.7812581062316898,"z":-3.8784093856811525},"rotation":{"x":0.11389804631471634,"y":0.6331793069839478,"z":-0.09491907805204392,"w":0.7597030997276306},"size":2.7756400108337404,"orthographic":false}